1,Hagenes Group,Forest Dale,Ursynów,2
2,Hudson-Eichmann,Monica,El Ingenio,1
3,Koepp Group,Farragut,Nagrak,4
4,"O'Reilly, Murphy and Stoltenberg",Butterfield,Karangmangu,3
5,Dibbert and Sons,Londonderry,Robonkon,2
6,Bartoletti and Sons,Mayer,Tenjolaya,4
7,Hand LLC,Becker,Tibati,5
8,Abshire-Waters,Westend,Pasirnangka,1
9,"Gerlach, Luettgen and Paucek",Thompson,Sahavato,2
10,Vandervort-Langworth,Wayridge,Utrecht (stad),3
11,Tromp-Padberg,Gateway,Ngandangan,3
12,"Metz, Hauck and Ratke",Crest Line,Qiagai,4
13,Schoen LLC,Coleman,Tân Kỳ,2
14,Blick-Nikolaus,Rieder,Dieppe,4
15,"Jacobs, Schulist and O'Kon",Transport,Sanjinquan,5
16,"Borer, Russel and Moore",Maryland,Getung,2
17,"Fritsch, Kunze and Weber",New Castle,Laborie,5
18,"Rohan, Ankunding and Connelly",Bayside,Qaşr Hallāl,2
19,Collier and Sons,Talmadge,Banisilan,4
20,Sauer LLC,Old Shore,Javānrūd,3
21,"Corkery, Kilback and Yost",Ridgeview,Huixian Chengguanzhen,5
22,Beahan-Beier,Judy,Guabito,4
23,Borer-Sawayn,Sage,Xiaoshanzi,3
24,Hermiston LLC,Cordelia,Danauparis,4
25,Wolf-Walker,Crescent Oaks,Zungeru,3
26,Goldner-Turcotte,Waubesa,Krosno,2
27,Hermann and Sons,Bluestem,Halong,4
28,"Kemmer, Langworth and Boyle",Nelson,Thị Trấn Phù Yên,2
29,Homenick-Bins,Northland,Bamencheng,5
30,Armstrong-Jenkins,Valley Edge,Strachówka,2
31,"Bogisich, Williamson and Klocko",Hoard,Cimanggu Girang,3
32,Pfannerstill and Sons,Dryden,Buena Esperanza,4
33,"Boyle, McCullough and Hettinger",Bayside,Puerto Francisco de Orellana,5
34,"Kutch, Kerluke and Predovic",Loeprich,Brest,5
35,Kulas Inc,Stephen,Juazeiro do Norte,1
36,Frami-Lind,Utah,Curridabat,3
37,Corkery-Powlowski,Sutteridge,Kabukarudi,4
38,Abernathy and Sons,Stuart,Humaitá,2
39,Larson Inc,Londonderry,Książ Wielkopolski,5
40,Becker Group,Bobwhite,San Francisco,4
41,"Auer, Herman and Beatty",Hayes,Tomiya,3
42,"Fritsch, Wolff and Brown",Vermont,Non Suwan,4
43,"Gutmann, Stoltenberg and Fay",Melvin,Wanghu,2
44,Reichel Group,Jay,Yankou,1
45,"Sporer, Maggio and Breitenberg",Huxley,Ketangi,3
46,Jacobi and Sons,Hollow Ridge,Malita,1
47,Sporer-Durgan,4th,Tayuan,2
48,Donnelly-McDermott,Corben,Santa Bárbara de Padrões,4
49,Satterfield-Reynolds,Cambridge,Binlod,4
50,Ernser-Roberts,Canary,Visconde do Rio Branco,1
51,Reinger-Wisozk,Autumn Leaf,Hebu,2
52,O'Connell-Mosciski,Merchant,Sololá,4
53,Bartoletti-Hessel,Prentice,Mamurras,5
54,Hauck and Sons,Norway Maple,San Francisco de Yare,4
55,"Hauck, Mohr and Bode",Onsgard,Dolisie,1
56,Lynch-Conroy,Ridgeview,Pulap,5
57,"Ortiz, Hessel and Romaguera",Red Cloud,Gandoang,5
58,Ziemann Group,Summer Ridge,Jagdaqi,5
59,Herzog-Hettinger,Victoria,Morelos,1
60,Kuhlman-Erdman,Nova,San Miguel,2
61,Conn Inc,Bowman,Spånga,5
62,Stanton-Johns,Walton,Nakhon Phanom,3
63,Marvin-Osinski,Maple Wood,Ust’-Kalmanka,2
64,"Bechtelar, Rempel and Ruecker",Londonderry,Lovisa,2
65,Kuhlman-Hand,Melby,Toledo,3
66,Hagenes Group,Meadow Vale,Wuxi,2
67,Crona Group,Basil,Batelov,3
68,"Watsica, Schneider and Herman",Haas,Sil-li,1
69,O'Keefe Inc,Kennedy,Columbus,2
70,"Prosacco, Jones and Champlin",Summerview,Nanhe,2
71,Von-Koepp,Eggendart,Cartagena,3
72,Lemke LLC,Roth,Carot,4
73,Blanda and Sons,Talmadge,Mokwa,2
74,Marquardt-Leuschke,Lakewood,Detroit,1
75,"Roberts, Hintz and Medhurst",Fulton,Noşratābād,2
76,Spinka Inc,Bellgrove,Ialibu,1
77,"Mraz, Jacobi and O'Connell",Nancy,Bang Ban,4
78,Murazik and Sons,Karstens,Mayskiy,1
79,Heidenreich Inc,Holy Cross,El Limon,4
80,"Hilll, Feil and Cassin",Fairfield,Vatutine,3
81,Purdy-Parker,Arrowood,Prince Rupert,2
82,Marks-Barton,Green,Hecheng,2
83,Schumm-Huels,Maryland,Skelleftehamn,2
84,"Murazik, Lockman and Kutch",Leroy,Racławice,2
85,"Stroman, Keeling and Hayes",Elgar,Jackson,3
86,"Gislason, Baumbach and Fay",La Follette,Biris Daja,3
87,Schimmel-Pfannerstill,Talisman,Gavião,4
88,Kuhic-Dickens,Butternut,Krajan Nglinggis,1
89,Metz-Deckow,Saint Paul,Malhão,1
90,"Lueilwitz, Effertz and Pfannerstill",Grasskamp,Niška Banja,4
91,Cassin LLC,Montana,Abadou,1
92,"Altenwerth, Mayert and Boehm",Toban,Ust’-Isha,5
93,"Gerlach, Crona and Lowe",Homewood,Komono,3
94,"Blanda, Emmerich and Armstrong",Onsgard,Mariinsk,5
95,Doyle-Crist,Dapin,Yanglin,1
96,"Emard, Cronin and Herzog",Monument,Luokeng,3
97,Ebert-Hegmann,Lake View,Rajhradice,4
98,Hamill Inc,Forster,Tuodian,2
99,"Zboncak, King and Bernhard",Reindahl,Trablice,2
100,Doyle-McLaughlin,Green Ridge,Maninihon,1
