1,Tabor Hebborn,Fair Oaks,Querecotillo,5
2,Jazmin Antrag,Sunnyside,Yudaikelike,4
3,Ari Verne,Cherokee,San Francisco,2
4,Nydia Borne,Johnson,Newmarket on Fergus,5
5,Katy Nelligan,Mockingbird,Malczyce,2
6,Jorrie Baggaley,Monica,Xiaodukou,4
7,Isidore Marzelo,Mifflin,San Jose,1
8,Brenna O'Breen,Emmet,Masohi,3
9,Hugh Wolffers,Johnson,San Francisco,2
10,Xylia Aleavy,Sycamore,Seč,3
11,Marley Souten,Hanson,Changcun,2
12,Liesa Harmour,Johnson,Paris La Défense,2
13,Auria Briscow,Delladonna,Jiangdong,5
14,Ofilia Dempsey,Grim,Ejigbo,2
15,Malcolm Botly,Surrey,San Francisco,2
16,Maryjo Vella,Cody,Xom Tan Long,4
17,Alfonse O'Hanley,West,Itacorubi,5
18,Calla Marini,Dunning,Yanfolila,2
19,Tommy Stapells,Mayer,San Francisco,1
20,Nata Han,Reinke,Noisy-le-Grand,5
21,Durante Dumbrill,Randy,Descalvado,3
22,Ulrica Wearn,2nd,Mesa,2
23,Ezri Dilnot,Alpine,Bandong,4
24,Ofelia Arghent,Evergreen,Dongning,1
25,Sandi Iwanowicz,Johnson,San Francisco,4
26,Tiebout Lawrenson,Fair Oaks,Thabazimbi,2
27,Katerina Folliss,Lindbergh,Şaydnāyā,5
28,Henryetta Bovey,Center,Baraba,2
29,Danika Le Claire,Ridge Oak,Lhari,4
30,Mozelle Tabert,Ohio,San Francisco,5
31,Jephthah Buncombe,Sachs,Tyczyn,5
32,Tedie Leggs,Artisan,São João del Rei,3
33,Milissent Tweedlie,Lindbergh,Huanghua,5
34,Sam Bettaney,Johnson,Zaoxi,1
35,Daune Blaycock,Sycamore,Uspenskoye,4
36,Bobbye Gaddesby,Blaine,Khallat Şāliḩ,1
37,Dulcia Keirle,Hansons,San Francisco,1
38,Brana Frenzel;,Becker,San Francisco,2
39,Bendick Breache,Waxwing,Ginebra,4
40,Judas Reason,Maryland,Paris 07,2
41,Free MacNucator,Iowa,Makiwalo,4
42,Theda Blagbrough,Carioca,Koryukivka,4
43,Moses Fortie,Northridge,Granada,4
44,Kaitlyn Devorill,Spaight,Regueiro,5
45,Lilith Dennistoun,Westend,Pak Thong Chai,1
46,Morten Alekseev,Bonner,Vila Chã,2
47,Cathi Duckworth,Dawn,Dongsheng,2
48,Kareem Neaverson,Park Meadow,San Francisco,5
49,Roddie Dunridge,Michigan,Kongoussi,2
50,Drud Lindenfeld,Lunder,Kertasari,4
51,Zedekiah Plaister,Tennyson,Banatski Dvor,5
52,Niki Pridden,Graceland,Trompsburg,5
53,Langsdon Le Marchand,Hovde,San Francisco,1
54,Laural Anfosso,Lindbergh,Olenegorsk,5
55,Lynn Bartolacci,Village Green,Hrodna,2
56,Raffaello Hallgate,Forest,Benjamin Constant,5
57,Barron Barbrook,Columbus,Daye,1
58,Edita Morrilly,Hollow Ridge,Guayaramerín,3
59,Cristy Bradtke,Di Loreto,Khonj,5
60,Alleyn Roadknight,Butternut,Alejo Ledesma,4
61,Christoper Milton-White,Gerald,Lamut,1
62,Derron Mairs,South,Zhizhong,3
63,Karlie Rekes,Schmedeman,Trinaterra,1
64,Jaime Lethabridge,Jay,Jilma,5
65,Elias Guidoni,Graedel,Rio Covo,2
66,Ignace Slograve,Eastwood,Kabūdarāhang,5
67,Rabi Turton,Old Gate,Legen,4
68,Antonin Gutridge,Meadow Vale,San Francisco,4
69,Tobye Shale,Debs,Wako,1
70,Clementine D'Aguanno,Merrick,Orléans,4
71,Brett Ronaldson,Toban,Lonpao Dajah,2
72,Harriott Trowbridge,Milwaukee,Addiet Canna,3
73,Chandler Ginie,Dawn,Guanambi,3
74,Raquel Mattocks,Forest Run,San Juan,1
75,Ogdan McGonigle,Forest Run,San Francisco,3
76,Teodora Fountain,Veith,Chenzhuang,2
77,Nollie Roche,Harbort,Nhà Bè,5
78,Rolf Paramore,Bluestem,Tuanjie,4
79,Duffie Ions,Lawn,Kota Bharu,4
80,Laraine Breward,Marcy,Buket Teukuh,2
81,Fredrika Kirkby,Meadow Vale,San Francisco,1
82,Dame Stobbie,Coolidge,‘Ubāl,2
83,Otho McKeighen,Harper,Mikhaylovsk,2
84,Marquita Sprague,Meadow Ridge,Nowy Korczyn,4
85,Leoine Binder,Fuller,Busia,5
86,Marshal Benwell,Sutherland,Guazhou,5
87,Wandis Gosland,Carioca,Banjar Bongangede,1
88,Emalia Adamovsky,Hagan,Kadaka,1
89,Ofelia Furlong,Tony,Canala,3
90,Chrysler Demer,Forster,San Francisco,2
91,Georgie Greydon,Rockefeller,Bronnitsy,2
92,Leora Danelut,Logan,Embajador Martini,4
93,Dur Chesnut,Merrick,Apeldoorn,1
94,Clarette Westwell,South,Katori-shi,1
95,Lay Foskin,Roxbury,Zonghan,4
96,Melina Feather,Hoffman,San Francisco,2
97,Britt Oddie,Springview,Houston,3
98,Myron Fortie,Loomis,Doyong,1
99,Armin Janecek,Maryland,Pataias,2
100,Estelle Marion,Golf View,Skuratovskiy,3
